Temporary_Group_ID,Name,Birth Date,Phone Number,Country,Link
group.0,Marinus Wipstrik,1975-09-23,281.917.0419x95133,Nigeria,http://odom.net/
group.1,Thom Berendse-van de Berg,1980-02-20,+1-951-734-0978x287,Portugal,http://ayers.net/
group.2,Jayden Schipper-van Nes,1979-04-21,945-601-1085,Zuid-Georgia en de Zuidelijke Sandwicheilanden,http://www.williams.info/
group.0,Fenne Bierstraten-van Bergen,2000-06-24,914.599.1863x5532,Burkina Faso,http://robles-white.com/
group.3,Maartje Jeggij-Mulder,1976-08-26,001-226-513-4479x829,Irak,https://www.morris.org/
group.2,Sterre de Heer,1989-08-13,507.671.6714,Botswana,http://hill.net/
group.1,Aya Remmers,2008-02-17,+1-263-648-7084x55297,Trinidad en Tobago,http://bell-reilly.net/
group.1,Victoria Eijkelboom,1981-09-13,963-438-4783x4170,Martinique,https://www.brown.com/
group.0,Dirk Courtier,1981-12-28,+1-517-517-4808,Kirgizi,http://wilson-harris.com/
group.7,Josephine 's Gravensande,2016-11-12,001-851-179-1489,Azerbeidzjan,http://www.edwards-hampton.biz/
group.8,Ibrahim Strik,1970-03-31,398.197.1986,Oost-Timor,http://lopez.com/
group.3,Romy van de Coterlet-van Daal,1973-09-15,001-166-168-2842x98225,Irak,https://www.ramirez.biz/
group.10,Daan de Grunt,2019-06-04,086-979-6579x9661,Saint Vincent en de Grenadines,https://www.norton.net/
group.9,Lotte Oude Heer,1973-09-14,001-646-919-9319x052,Laos,https://www.barajas-walker.com/
group.6,Jacob Kalman-Stinis,1983-04-14,064-355-7488,Cyprus,http://www.beck-joyce.com/
group.14,Finn van Noordeloos,2001-01-04,637-572-8981x48618,Libi,https://kane.biz/
group.7,Luna Hermans,1998-10-25,2496539001,Itali,https://www.thomas-wiggins.com/
group.9,Evi Stook-van Luinenburg,2000-11-11,+1-717-680-2547x60595,Nigeria,https://www.perez-kelly.com/
group.1,Siem Salet,2009-04-04,001-218-243-3652x2743,Soedan,https://fitzpatrick-wagner.biz/
group.12,Sjoerd van Straaten-Draaisma,2011-12-13,659-645-3508,Saint Lucia,http://www.davis.info/
group.9,Milo de Strigter,1997-02-26,762-005-4208,Palau,http://sullivan-wagner.com/
group.5,Fline Huijs,1995-11-22,(591)529-9725x960,Faerer,http://www.powell-adams.net/
group.9,Pleun Schokman-Stuivenberg,1996-06-21,(789)128-5093x780,Frans-Polynesi,https://www.bennett-warner.net/
group.8,Aron David-Lieshout,1993-06-15,+1-079-044-3298x37865,Koeweit,http://esparza.com/
group.20,Alicia Jacobs,2000-04-07,001-815-403-5503x462,Canada,http://sims.com/
group.2,Chlo Merkx,2000-03-22,001-598-536-9352x655,Sierra Leone,http://carey-sanchez.biz/
group.25,Tim van Oostendorp-Appelman,1986-08-10,+1-022-531-6749x957,Tsjaad,http://www.escobar-berger.com/
group.10,Mats Verhagen,1990-08-22,105.069.7652x6932,Sloveni,https://hunter-allen.com/
group.0,Noah Broeders,1983-03-07,092.072.3964x5089,Bermuda,http://www.martin-keith.info/
group.3,Alexander Massa,1982-07-19,(503)741-7553,Papoea-Nieuw-Guinea,https://www.day.com/
group.26,Finn Gruijl,1979-08-11,905.256.7884x5039,Niger,http://reyes.com/
group.14,Sam van Ooste-van Gent,2008-03-20,497.934.5412x648,Suriname,https://daugherty.biz/
group.17,Levi Wendt-Feenstra,1991-01-15,997.260.9293x6232,Ivoorkust,https://wright.info/
group.23,Mathijs van Luxemburg,1983-06-07,391-573-9561x49363,Dominica,https://perkins.com/
group.29,Ivy van Allemani,1971-02-19,0777428577,Togo,https://www.murray.com/
group.8,Lois Volcke,1997-02-10,659.921.4862x456,Kiribati,https://melendez-wong.com/
group.7,Demi van Engeland-Tielemans,1977-09-17,2293923656,Myanmar,https://martinez.biz/
group.8,Pieter van de Water,1996-03-31,001-044-437-9305x732,Sierra Leone,https://phillips.com/
group.31,Joost Jekel,2016-04-07,225-588-8189x136,Tonga,http://www.thompson.com/
group.37,Emma Erhout-Westerbeek,1986-03-02,851-280-7299,Afghanistan,http://hall-joyce.org/
group.8,Rens Schotte,1994-01-06,+1-844-336-4532x2039,Sint Maarten,https://www.miller-taylor.org/
group.15,Dani van der Brink-van Nes,2013-11-25,935-182-2665x8446,Micronesia,http://www.taylor-mendoza.org/
group.0,Sepp van Breukeleveen,2019-12-03,734-913-4784x4026,Cookeilanden,http://smith.com/
group.29,Liv Greij-Sam,1980-03-06,+1-486-086-1358x93907,Amerikaans-Samoa,http://www.raymond.net/
group.21,Elize van Engelen-van Loon,2007-07-08,(864)364-3644x88241,Puerto Rico,https://www.foster.com/
group.9,Kyano Hendriks,2007-10-05,347.396.3521x192,Burundi,http://www.bruce-guzman.biz/
group.42,Anna Hoppenbrouwer,2014-02-06,817-784-4633x38543,Comoren,https://owens.info/
group.44,Bram van Duyvenvoorde-Meyer,2004-05-09,(630)849-6787,Swaziland,http://www.mccall.com/
group.28,Isabel van den Broek-van der Noot,1996-12-23,+1-706-337-4556,Zwitserland,http://www.ortega.com/
group.7,Melissa Bruijne van der Veen,2004-12-24,001-587-608-1744,Nieuw-Zeeland,https://phillips-jackson.org/
group.25,Liza van Straaten,1991-12-07,989.653.7516x5847,Taiwan,http://marshall.com/
group.29,Sten van Eck,1978-10-14,859.370.4575,Vaticaanstad,http://pena.com/
group.51,Lisa Brisee,1974-09-22,(158)358-1028x1901,Estland,https://www.clarke-smith.info/
group.43,Yinthe Ulrich,1972-07-18,(676)794-4990,Denemarken,http://www.walsh.com/
group.0,Femke van der Laarse,2009-11-06,058-206-6904x281,Libi,http://davis.info/
group.9,Lise Janse,2015-07-17,+1-548-229-7562,Panama,http://www.wilson.com/
group.55,Joshua van Amstel-Ouwerkerk,1997-12-31,938-450-1506x2273,Tokelau,http://www.hill-davis.com/
group.30,Yfke Bastiaense,1976-07-29,4888026836,Kirgizi,http://www.navarro.biz/
group.24,Milan de Vos,2005-12-16,001-939-924-3072,India,http://www.freeman.com/
group.35,Juliette Hoelen-de Gruson,1986-12-30,(365)659-3607x08950,Malta,https://www.murray.biz/
group.1,Mohammed Schiffer,1971-03-15,688.423.3491x088,Senegal,http://www.morris-collins.com/
group.10,Kiki Goedhart,2008-03-26,001-708-403-9189x45231,Niue,https://richards-garcia.net/
group.11,Daan Marceron-van der Strigt,1998-08-20,+1-406-435-9290x754,Palestina,http://nichols.net/
group.46,Sepp Arens-Korsman,1990-04-10,671-295-6585,Hongkong,http://martinez.com/
group.40,Nina Fiere,2008-09-27,388.721.1517x31981,Nieuw-Zeeland,https://www.perez.com/
group.21,Imran Claesner,2007-03-09,360-967-2734x509,Panama,https://www.richardson.org/
group.65,Amelia Smit-Unruoch Hunerik,1987-02-18,449.730.9211,Lesotho,https://terry.net/
group.60,Luna Gnodde,2004-05-31,001-257-239-4950x7626,Kirgizi,https://www.fisher.info/
group.57,Rafael de Vos-de Jode Vastraedsd,1993-12-26,(395)752-9619x687,Suriname,http://www.diaz.net/
group.39,Dana van Praagh,2002-05-22,+1-888-270-6947x603,Zuid-Korea,http://www.donaldson-garcia.net/
group.59,Bas van Ginneke,2017-01-27,+1-350-227-9092,Ivoorkust,http://www.wood-green.com/
group.56,Nikki Belpere,1975-08-04,+1-859-093-1297x767,Monaco,http://bryant-english.com/
group.43,Aron van Riet-van der Pouw,1979-06-30,+1-715-394-9938x89537,Guadeloupe,https://powell.biz/
group.36,Laurens Kronenberg,1985-09-13,(973)506-1197x456,Monaco,https://brown-jimenez.net/
group.30,Yara van der Velden,2004-07-17,526-254-1048x24134,Saint Lucia,http://www.fuentes-gomez.biz/
group.50,Dylano Marceron,2002-08-01,665.229.5280x2975,Bahama's,https://gomez.com/
group.76,Mirte de Plantard-Massa,1976-09-02,(963)793-7017x05803,Filipijnen,https://underwood.com/
group.1,Jolle Sprong-Stinis,1995-11-03,928.985.5317x9842,Wallis en Futuna,http://www.gross.com/
group.28,Evelien Schwartsbach,1980-10-19,1828784777,Niger,https://fuller.com/
group.71,Amlie Rijntjes,2007-07-05,292-087-5397x9267,Belgi,http://green-santiago.com/
group.39,Sam de Heer,2019-04-04,(597)018-0099,Luxemburg,https://www.santiago-perez.biz/
group.4,Tim van de Pol-Amalrada,1997-02-16,3057932660,Nieuw-Caledoni,http://cooper-moody.com/
group.46,Lieke van Limburg,2017-09-20,001-249-723-1174x8568,Slowakije,https://www.hall-montgomery.com/
group.17,Merel die Bont,2010-03-03,(724)354-4806x808,Afghanistan,http://smith-williams.org/
group.75,Senn van Haeften,1991-10-23,940-257-0214,Rwanda,https://vargas.com/
group.30,Elif de Koning-Broeckx,2006-09-10,+1-852-632-3171x28708,Sint Maarten,https://clarke.com/
group.38,Nova de Beer-Teunissen,2020-06-01,(836)215-0136x2476,Peru,http://www.parker.com/
group.0,Pien Speijer-Meijer,1970-05-30,001-771-497-2688,Georgi,https://leon.com/
group.67,Saar Potters,1988-10-10,(605)168-9377x7180,Saoedi-Arabi,https://www.grimes-haney.info/
group.2,Jonas Henric van den Nuwenhuse-van de Berg,2020-12-11,+1-565-488-4194,Maleisi,http://lambert-browning.org/
group.23,Giovanni Thout,2008-09-20,769-605-3109x701,Cambodja,http://love.com/
group.10,Liam Vos,2010-12-31,795.179.9614,Antigua en Barbuda,http://caldwell-snyder.org/
group.39,Dean Klerks,1981-02-05,1979666498,Trinidad en Tobago,https://tucker.com/
group.74,Jay Bastiaense,1979-01-04,622.152.3141x000,Nigeria,https://romero.org/
group.76,Boris Rek,2015-05-01,+1-673-104-8801x460,Colombia,https://brown.info/
group.53,Sep Stettyn,2012-01-07,674.785.3523x28413,Saint Kitts en Nevis,https://myers.net/
group.74,Casper Middelkoop,2001-06-25,4568690907,Koeweit,https://barrera.org/
group.21,Arie van Engeland-Haneberg,1975-01-13,880-303-4005,Brazili,http://thompson.com/
group.56,Pieter Uittenbosch,2000-09-08,814-448-5401x2421,Dominicaanse Republiek,http://williams.com/
group.13,Evi Leene-Heijmans,1972-02-09,(797)652-0956,Tanzania,http://rodriguez.com/
group.25,Lana den Haag,2016-02-24,+1-224-071-3145,Japan,https://stephens-everett.org/
